Name,Empty1,Population,Empty2,Year,Type,Empty3
Adair,,"25,314",,2022,"county, county_third_class_wo_township_form",
Adrian,,"1,730",,2022,"city, city_fourth_class",
Advance,,"1,349",,2022,"city, city_fourth_class",
Affton,,"20,417",,2022,"city, census_designated_place",
Agency,,671,,2022,"city, village",
Airport Drive,,766,,2022,"city, village",
Alba,,544,,2022,"city, city_fourth_class",
Albany,,"1,679",,2022,"city, county_seat, city_fourth_class",
Aldrich,,76,,2022,"city, village",
Alexandria,,105,,2022,"city, city_fourth_class",
Allendale,,48,,2022,"city, city_third_class",
Allenville,,95,,2022,"city, village",
Alma,,400,,2022,"city, city_fourth_class",
Altamont,,171,,2022,"city, village",
Altenburg,,341,,2022,"city, city_fourth_class",
Alton,,707,,2022,"city, county_seat, city_fourth_class",
Amazonia,,238,,2022,"city, city_fourth_class",
Amity,,26,,2022,"city, village",
Amoret,,133,,2022,"city, city_fourth_class",
Amsterdam,,218,,2022,"city, city_fourth_class",
Anderson,,"1,981",,2022,"city, city_fourth_class",
Andrew,,"18,135",,2022,"county, county_third_class_wo_township_form",
Annada,,14,,2022,"city, village",
Annapolis,,250,,2022,"city, city_fourth_class",
Anniston,,180,,2022,"city, city_fourth_class",
Appleton City,,"1,032",,2022,"city, city_fourth_class",
Arbela,,24,,2022,"city, village",
Arbyrd,,404,,2022,"city, city_fourth_class",
Arcadia,,618,,2022,"city, city_fourth_class",
Archie,,"1,268",,2022,"city, city_fourth_class",
Arcola,,37,,2022,"city, village",
Argyle,,144,,2022,"city, village",
Arkoe,,56,,2022,"city, village",
Armstrong,,243,,2022,"city, city_fourth_class",
Arnold,,"20,858",,2022,"city, city_third_class",
Arrow Point,,75,,2022,"city, village",
Arrow Rock,,60,,2022,"city, village",
Asbury,,193,,2022,"city, city_fourth_class",
Ash Grove,,"1,512",,2022,"city, city_fourth_class",
Ashburn,,33,,2022,"city, village",
Ashland,,"4,747",,2022,"city, city_fourth_class",
Ashley,,94,,2022,"city, census_designated_place",
Atchison,,"5,305",,2022,"county, county_third_class_wo_township_form",
Atlanta,,379,,2022,"city, city_fourth_class",
Audrain,,"24,962",,2022,"county, county_third_class_wo_township_form",
Augusta,,270,,2022,"city, special_charter_city",
Aullville,,77,,2022,"city, village",
Aurora,,"7,219",,2022,"city, city_third_class",
Aurora Springs,,138,,2022,"city, census_designated_place",
Auxvasse,,"1,001",,2022,"city, city_fourth_class",
Ava,,"2,894",,2022,"city, county_seat, city_fourth_class",
Avalon,,83,,2022,"city, census_designated_place",
Avilla,,103,,2022,"city, village",
Avondale,,436,,2022,"city, city_fourth_class",
Bagnell,,43,,2022,"city, city_fourth_class",
Baker,,3,,2022,"city, village",
Bakersfield,,186,,2022,"city, village",
Baldwin Park,,85,,2022,"city, village",
Ballwin,,"31,103",,2022,"city, city_fourth_class",
Baring,,125,,2022,"city, city_fourth_class",
Barnard,,201,,2022,"city, city_fourth_class",
Barnett,,158,,2022,"city, city_fourth_class",
Barnhart,,"5,832",,2022,"city, census_designated_place",
Barry,,"34,534",,2022,"county, county_third_class_wo_township_form",
Barton,,"11,637",,2022,"county, county_third_class_w_township_form",
Bates,,"16,042",,2022,"county, county_third_class_w_township_form",
Bates City,,219,,2022,"city, city_fourth_class",
Battlefield,,"5,990",,2022,"city, city_fourth_class",
Bell City,,464,,2022,"city, city_fourth_class",
Bella Villa,,757,,2022,"city, city_fourth_class",
Belle,,"1,381",,2022,"city, city_fourth_class",
Bellefontaine Neighbors,,"10,740",,2022,"city, city_fourth_class",
Bellerive,,188,,2011,city,
Bellerive Acres,,191,,2022,"city, city_fourth_class",
Bellflower,,325,,2022,"city, city_fourth_class",
Bel-Nor,,"1,399",,2022,"city, village",
Bel-Ridge,,"2,132",,2022,"city, village",
Belton,,"23,953",,2022,"city, home_rule_city",
Bennett Springs,,138,,2022,"city, census_designated_place",
Bent Tree Harbor,,283,,2022,"city, census_designated_place",
Benton,,866,,2022,"city, county_seat, city_fourth_class",
Benton,,"19,394",,2022,"county, county_third_class_wo_township_form",
Benton City,,101,,2022,"city, village",
Berger,,256,,2022,"city, city_fourth_class",
Berkeley,,"8,228",,2022,"city, home_rule_city",
Bernie,,"1,859",,2022,"city, city_fourth_class",
Bertrand,,718,,2022,"city, city_fourth_class",
Bethany,,"2,915",,2022,"city, county_seat, city_fourth_class",
Bethel,,135,,2022,"city, village",
Beverly Hills,,475,,2022,"city, city_fourth_class",
Bevier,,636,,2022,"city, city_fourth_class",
Biehle,,47,,2022,"city, census_designated_place",
Big Lake,,65,,2022,"city, village",
Big Spring,,149,,2022,"city, census_designated_place",
Bigelow,,5,,2022,"city, village",
Billings,,"1,084",,2022,"city, city_fourth_class",
Birch Tree,,541,,2022,"city, city_fourth_class",
Birmingham,,189,,2022,"city, village",
Bismarck,,"1,239",,2022,"city, city_fourth_class",
Black Jack,,"6,634",,2022,"city, city_third_class",
Blackburn,,224,,2022,"city, city_fourth_class",
Blackwater,,170,,2022,"city, city_fourth_class",
Blairstown,,95,,2022,"city, city_fourth_class",
Blanchard,,27,,2022,"city, census_designated_place",
Bland,,506,,2022,"city, city_fourth_class",
Blodgett,,209,,2022,"city, village",
Bloomfield,,"1,755",,2022,"city, county_seat, city_fourth_class",
Bloomsdale,,639,,2022,"city, city_fourth_class",
Blue Eye,,289,,2022,"city, village",
Blue Springs,,"58,603",,2022,"city, home_rule_city",
Blue Summit,,658,,2022,"city, census_designated_place",
Blythedale,,211,,2022,"city, village",
Bogard,,167,,2022,"city, city_fourth_class",
Bolckow,,163,,2022,"city, city_fourth_class",
Bolivar,,"10,679",,2022,"city, county_seat, city_fourth_class",
Bollinger,,"10,567",,2022,"county, county_third_class_wo_township_form",
Bonne Terre,,"6,903",,2022,"city, city_third_class",
Boone,,"183,610",,2022,"county, county_first_class",
Boonville,,"7,964",,2022,"city, county_seat, city_third_class",
Bosworth,,213,,2022,"city, city_fourth_class",
Bourbon,,"1,567",,2022,"city, city_fourth_class",
Bowling Green,,"4,195",,2022,"city, county_seat, city_fourth_class",
Bragg City,,72,,2022,"city, city_fourth_class",
Brandsville,,127,,2022,"city, city_fourth_class",
Branson,,"12,638",,2022,"city, city_fourth_class",
Branson West,,484,,2022,"city, city_fourth_class",
Brashear,,235,,2022,"city, city_fourth_class",
Braymer,,737,,2022,"city, city_fourth_class",
Breckenridge,,258,,2022,"city, city_fourth_class",
Breckenridge Hills,,"4,458",,2022,"city, city_third_class",
Brentwood,,"8,233",,2022,"city, city_fourth_class",
Brewer,,361,,2022,"city, census_designated_place",
Briarwood Estates,,347,,2022,"city, census_designated_place",
Bridgeton,,"11,445",,2022,"city, home_rule_city",
Brimson,,50,,2022,"city, village",
Bronaugh,,163,,2022,"city, city_fourth_class",
Brookfield,,"4,111",,2022,"city, city_third_class",
Brookline,,,,2011,city,
Brooklyn Heights,,101,,2022,"city, village",
Broseley,,163,,2022,"city, census_designated_place",
Browning,,219,,2022,"city, city_fourth_class",
Brownington,,71,,2022,"city, village",
Brumley,,69,,2022,"city, village",
Brunswick,,801,,2022,"city, city_fourth_class",
Buchanan,,"84,793",,2022,"county, county_first_class",
Bucklin,,413,,2022,"city, city_fourth_class",
Buckner,,"2,945",,2022,"city, city_fourth_class",
Buell,,25,,2022,"city, census_designated_place",
Buffalo,,"3,290",,2022,"city, county_seat, city_fourth_class",
Bull Creek,,426,,2022,"city, village",
Bunceton,,334,,2022,"city, city_fourth_class",
Bunker,,295,,2022,"city, city_fourth_class",
Burfordville,,87,,2022,"city, census_designated_place",
Burgess,,54,,2022,"city, census_designated_place",
Burlington Junction,,521,,2022,"city, city_fourth_class",
Butler,,"4,220",,2022,"city, county_seat, city_third_class",
Butler,,"42,130",,2022,"county, county_third_class_wo_township_form",
Butterfield,,378,,2022,"city, city_fourth_class",
Byrnes Mill,,"3,173",,2022,"city, city_fourth_class",
Cabool,,"1,946",,2022,"city, city_fourth_class",
Cainsville,,283,,2022,"city, city_fourth_class",
Cairo,,205,,2022,"city, village",
Caldwell,,"8,815",,2022,"county, county_third_class_w_township_form",
Caledonia,,131,,2022,"city, village",
Calhoun,,392,,2022,"city, city_fourth_class",
California,,"4,498",,2022,"city, county_seat, city_fourth_class",
Callao,,251,,2022,"city, city_fourth_class",
Callaway,,"44,283",,2022,"county, county_second_class",
Calverton Park,,"1,143",,2022,"city, village",
Camden,,175,,2022,"city, city_fourth_class",
Camden,,"42,745",,2022,"county, county_first_class",
Camden Point,,457,,2022,"city, city_fourth_class",
Camdenton,,"3,960",,2022,"city, county_seat, city_fourth_class",
Cameron,,"8,513",,2022,"city, city_third_class",
Campbell,,"1,605",,2022,"city, city_fourth_class",
Canalou,,158,,2022,"city, city_fourth_class",
Canton,,"2,774",,2022,"city, city_fourth_class",
Cape Girardeau,,"39,540",,2022,"city, home_rule_city",
Cape Girardeau,,"81,710",,2022,"county, county_first_class",
Cardwell,,561,,2022,"city, city_fourth_class",
Carl Junction,,"8,143",,2022,"city, city_fourth_class",
Carroll,,"8,495",,2022,"county, county_third_class_w_township_form",
Carrollton,,"3,514",,2022,"city, county_seat, special_charter_city",
Carter,,"5,202",,2022,"county, county_third_class_wo_township_form",
Carterville,,"1,855",,2022,"city, city_third_class",
Carthage,,"15,522",,2022,"city, county_seat, home_rule_city",
Caruthersville,,"5,562",,2022,"city, county_seat, city_third_class",
Carytown,,287,,2022,"city, village",
Cass,,"107,824",,2022,"county, county_first_class",
Cassville,,"3,190",,2022,"city, county_seat, city_fourth_class",
Castle Point,,"2,815",,2022,"city, census_designated_place",
Catron,,41,,2022,"city, city_fourth_class",
Cave,,,,2022,"city, village",
Cedar,,"14,188",,2022,"county, county_third_class_wo_township_form",
Cedar Hill,,"1,875",,2022,"city, census_designated_place",
Cedar Hill Lakes,,203,,2022,"city, village",
Center,,528,,2022,"city, city_fourth_class",
Centertown,,284,,2022,"city, village",
Centerview,,189,,2022,"city, city_fourth_class",
Centerville,,167,,2022,"city, county_seat, city_fourth_class",
Centralia,,"4,541",,2022,"city, city_fourth_class",
Chaffee,,"3,057",,2022,"city, city_third_class",
Chain of Rocks,,97,,2022,"city, village",
Chain-O-Lakes,,106,,2022,"city, village",
Chamois,,377,,2022,"city, city_fourth_class",
Champ,,10,,2022,"city, village",
Chariton,,"7,408",,2022,"county, county_third_class_w_township_form",
Charlack,,"1,304",,2022,"city, city_fourth_class",
Charleston,,"5,056",,2022,"city, county_seat, city_third_class",
Charmwood,,17,,2022,"city, village",
Cherokee Pass,,271,,2022,"city, census_designated_place",
Chesapeake,,48,,2022,"city, census_designated_place",
Chesterfield,,"49,999",,2022,"city, city_third_class",
Chilhowee,,291,,2022,"city, city_fourth_class",
Chillicothe,,"9,107",,2022,"city, county_seat, special_charter_city",
Christian,,"88,842",,2022,"county, county_first_class",
Chula,,195,,2022,"city, city_fourth_class",
Clarence,,738,,2022,"city, city_fourth_class",
Clark,,254,,2022,"city, city_fourth_class",
Clark,,"6,634",,2022,"county, county_third_class_wo_township_form",
Clarksburg,,254,,2022,"city, city_fourth_class",
Clarksdale,,245,,2022,"city, city_fourth_class",
Clarkson Valley,,"2,609",,2022,"city, city_fourth_class",
Clarksville,,372,,2022,"city, city_fourth_class",
Clarkton,,"1,009",,2022,"city, city_fourth_class",
Clay,,"253,335",,2022,"county, county_w_charter",
Claycomo,,"1,343",,2022,"city, village",
Clayton,,"17,355",,2022,"city, county_seat, home_rule_city",
Clearmont,,158,,2022,"city, city_fourth_class",
Cleveland,,650,,2022,"city, city_fourth_class",
Clever,,"2,918",,2022,"city, city_fourth_class",
Cliff Village,,40,,2022,"city, village",
Clifton Hill,,88,,2022,"city, city_fourth_class",
Climax Springs,,118,,2022,"city, census_designated_place",
Clinton,,"9,174",,2022,"city, county_seat, city_third_class",
Clinton,,"21,184",,2022,"county, county_third_class_wo_township_form",
Clyde,,55,,2022,"city, village",
Cobalt,,264,,2022,"city, village",
Coffey,,151,,2022,"city, city_fourth_class",
Cole,,"77,279",,2022,"county, county_first_class",
Cole Camp,,"1,104",,2022,"city, city_fourth_class",
Collins,,125,,2022,"city, village",
Columbia,,"126,254",,2022,"city, county_seat, home_rule_city",
Commerce,,45,,2022,"city, city_fourth_class",
Conception,,111,,2022,"city, census_designated_place",
Conception Junction,,177,,2022,"city, city_third_class",
Concord,,"17,668",,2022,"city, census_designated_place",
Concordia,,"2,371",,2022,"city, city_fourth_class",
Coney Island,,47,,2022,"city, village",
Connelsville,,53,,2022,"city, census_designated_place",
Conway,,729,,2022,"city, city_fourth_class",
Cool Valley,,"1,039",,2022,"city, city_fourth_class",
Cooper,,"17,103",,2022,"county, county_third_class_wo_township_form",
Cooter,,343,,2022,"city, city_fourth_class",
Corder,,418,,2022,"city, city_fourth_class",
Corning,,3,,2022,"city, village",
Cosby,,114,,2022,"city, village",
Cottleville,,"5,611",,2022,"city, city_fourth_class",
Country Club,,"2,487",,2022,"city, village",
Country Club Hills,,"1,014",,2022,"city, city_fourth_class",
Country Life Acres,,72,,2022,"city, village",
Cowgill,,168,,2022,"city, city_fourth_class",
Craig,,105,,2022,"city, city_fourth_class",
Crane,,"1,495",,2022,"city, city_fourth_class",
Crawford,,"23,056",,2022,"county, county_third_class_wo_township_form",
Creighton,,327,,2022,"city, city_fourth_class",
Crestwood,,"12,404",,2022,"city, home_rule_city",
Creve Coeur,,"18,834",,2022,"city, home_rule_city",
Crocker,,929,,2022,"city, city_fourth_class",
Cross Timbers,,119,,2022,"city, city_fourth_class",
Crystal City,,"4,740",,2022,"city, city_third_class",
Crystal Lake Park,,508,,2022,"city, city_fourth_class",
Crystal Lakes,,390,,2022,"city, city_fourth_class",
Cuba,,"3,181",,2022,"city, city_fourth_class",
Curryville,,197,,2022,"city, city_fourth_class",
Dade,,"7,569",,2022,"county, county_third_class_w_township_form",
Dadeville,,226,,2022,"city, village",
Dallas,,"17,071",,2022,"county, county_third_class_wo_township_form",
Dalton,,7,,2022,"city, village",
Danville,,28,,2022,"city, census_designated_place",
Dardenne Prairie,,"12,743",,2022,"city, city_fourth_class",
Darlington,,66,,2022,"city, city_fourth_class",
Daviess,,"8,430",,2022,"county, county_third_class_w_township_form",
Dawn,,100,,2022,"city, census_designated_place",
De Kalb,,233,,2022,"city, city_fourth_class",
De Soto,,"6,449",,2022,"city, city_third_class",
De Witt,,83,,2022,"city, city_fourth_class",
Dearborn,,482,,2022,"city, city_fourth_class",
Deepwater,,355,,2022,"city, city_fourth_class",
Deerfield,,40,,2022,"city, village",
Deering,,61,,2022,"city, census_designated_place",
Defiance,,159,,2022,"city, census_designated_place",
DeKalb,,"11,029",,2022,"county, county_third_class_w_township_form",
Dellwood,,"4,914",,2022,"city, city_fourth_class",
Delta,,376,,2022,"city, city_fourth_class",
Dennis Acres,,47,,2022,"city, village",
Dent,,"14,421",,2022,"county, county_third_class_wo_township_form",
Denton,,82,,2022,"city, census_designated_place",
Denver,,32,,2022,"city, village",
Des Arc,,131,,2022,"city, city_fourth_class",
Des Peres,,"9,193",,2022,"city, city_fourth_class",
Desloge,,"4,823",,2022,"city, city_fourth_class",
Dexter,,"7,927",,2022,"city, city_fourth_class",
Diamond,,831,,2022,"city, city_fourth_class",
Diehlstadt,,157,,2022,"city, village",
Diggins,,305,,2022,"city, village",
Dixon,,"1,232",,2022,"city, city_fourth_class",
Doe Run,,737,,2022,"city, census_designated_place",
Doniphan,,"1,781",,2022,"city, county_seat, city_fourth_class",
Doolittle,,564,,2022,"city, city_fourth_class",
Douglas,,"11,578",,2022,"county, county_third_class_wo_township_form",
Dover,,83,,2022,"city, village",
Downing,,300,,2022,"city, city_fourth_class",
Drexel,,968,,2022,"city, city_fourth_class",
Dudley,,101,,2022,"city, city_fourth_class",
Duenweg,,"1,495",,2022,"city, city_fourth_class",
Dunklin,,"28,283",,2022,"county, county_third_class_w_township_form",
Duquesne,,"2,159",,2022,"city, city_fourth_class",
Dutchtown,,163,,2022,"city, census_designated_place",
Eagle Rock,,193,,2022,"city, census_designated_place",
Eagleville,,275,,2022,"city, village",
East Lynne,,294,,2022,"city, city_fourth_class",
East Prairie,,"2,943",,2022,"city, city_fourth_class",
Easton,,227,,2022,"city, city_fourth_class",
Edgar Springs,,199,,2022,"city, city_fourth_class",
Edgerton,,601,,2022,"city, city_fourth_class",
Edina,,"1,012",,2022,"city, county_seat, city_fourth_class",
Edinburg,,84,,2022,"city, census_designated_place",
Edmundson,,860,,2022,"city, city_fourth_class",
El Dorado Springs,,"3,493",,2022,"city, city_third_class",
Eldon,,"4,416",,2022,"city, city_fourth_class",
Ellington,,790,,2022,"city, city_fourth_class",
Ellisville,,"9,985",,2022,"city, home_rule_city",
Ellsinore,,416,,2022,"city, city_fourth_class",
Elmer,,51,,2022,"city, city_fourth_class",
Elmira,,39,,2022,"city, village",
Elmo,,114,,2022,"city, city_fourth_class",
Elsberry,,"1,937",,2022,"city, city_fourth_class",
Emerald Beach,,212,,2022,"city, village",
Eminence,,515,,2022,"city, county_seat, city_fourth_class",
Emma,,201,,2022,"city, city_fourth_class",
Eolia,,472,,2022,"city, village",
Essex,,403,,2022,"city, city_fourth_class",
Ethel,,41,,2022,"city, city_fourth_class",
Eugene,,140,,2022,"city, village",
Eureka,,"11,646",,2022,"city, city_fourth_class",
Evergreen,,20,,2022,"city, village",
Everton,,273,,2022,"city, city_fourth_class",
Ewing,,406,,2022,"city, city_fourth_class",
Excello,,61,,2022,"city, census_designated_place",
Excelsior Estates,,209,,2022,"city, city_fourth_class",
Excelsior Springs,,"10,553",,2022,"city, city_third_class",
Exeter,,733,,2022,"city, city_fourth_class",
Fair Grove,,"1,582",,2022,"city, city_fourth_class",
Fair Play,,422,,2022,"city, city_fourth_class",
Fairdealing,,543,,2022,"city, census_designated_place",
Fairfax,,648,,2022,"city, city_fourth_class",
Fairview,,419,,2022,"city, city_fourth_class",
Farber,,255,,2022,"city, city_fourth_class",
Farley,,265,,2022,"city, village",
Farmington,,"18,217",,2022,"city, county_seat, city_third_class",
Faucett,,248,,2022,"city, census_designated_place",
Fayette,,"2,803",,2022,"city, county_seat, city_fourth_class",
Fenton,,"3,989",,2022,"city, city_fourth_class",
Ferguson,,"18,527",,2022,"city, home_rule_city",
Ferrelview,,642,,2022,"city, village",
Festus,,"12,706",,2022,"city, city_third_class",
Fidelity,,227,,2022,"city, village",
Fillmore,,173,,2022,"city, city_fourth_class",
Fisk,,312,,2022,"city, city_fourth_class",
Fleming,,114,,2022,"city, city_fourth_class",
Flemington,,110,,2022,"city, village",
Flint Hill,,981,,2022,"city, city_fourth_class",
Flordell Hills,,724,,2022,"city, city_fourth_class",
Florida,,5,,2022,"city, village",
Florissant,,"52,533",,2022,"city, home_rule_city",
Foley,,89,,2022,"city, city_fourth_class",
Fordland,,778,,2022,"city, city_fourth_class",
Forest City,,243,,2022,"city, city_fourth_class",
Foristell,,550,,2022,"city, city_fourth_class",
Forsyth,,"2,730",,2022,"city, county_seat, city_fourth_class",
Fort Leonard Wood,,"15,959",,2022,"city, census_designated_place",
Fortescue,,21,,2022,"city, village",
Fortuna,,130,,2022,"city, census_designated_place",
Foster,,76,,2022,"city, village",
Fountain N' Lakes,,169,,2022,"city, village",
Fountain N'Lakes,,,,2001,city,
Frankclay,,194,,2022,"city, census_designated_place",
Frankford,,343,,2022,"city, city_fourth_class",
Franklin,,70,,2022,"city, city_fourth_class",
Franklin,,"104,682",,2022,"county, county_first_class",
Fredericktown,,"4,429",,2022,"city, county_seat, city_fourth_class",
Freeburg,,409,,2022,"city, village",
Freeman,,475,,2022,"city, city_fourth_class",
Freistatt,,179,,2022,"city, village",
Fremont,,43,,2022,"city, census_designated_place",
Fremont Hills,,"1,049",,2022,"city, city_fourth_class",
Friedenswald,,4,,2022,"city, village",
Frisbee,,107,,2022,"city, census_designated_place",
Frohna,,245,,2022,"city, city_fourth_class",
Frontenac,,"3,612",,2022,"city, city_fourth_class",
Fulton,,"12,600",,2022,"city, county_seat, home_rule_city",
Gainesville,,745,,2022,"city, county_seat, city_fourth_class",
Galena,,455,,2022,"city, county_seat, city_fourth_class",
Gallatin,,"1,821",,2022,"city, county_seat, city_fourth_class",
Galt,,168,,2022,"city, city_fourth_class",
Garden City,,"1,629",,2022,"city, city_fourth_class",
Gasconade,,172,,2022,"city, city_fourth_class",
Gasconade,,"14,794",,2022,"county, county_third_class_wo_township_form",
Gentry,,56,,2022,"city, village",
Gentry,,"6,162",,2022,"county, county_third_class_w_township_form",
Gerald,,"1,361",,2022,"city, city_fourth_class",
Gerster,,21,,2022,"city, village",
Gibbs,,70,,2022,"city, village",
Gideon,,780,,2022,"city, city_fourth_class",
Gilliam,,175,,2022,"city, city_fourth_class",
Gilman City,,329,,2022,"city, city_fourth_class",
Ginger Blue,,37,,2022,"city, village",
Gladstone,,"27,063",,2022,"city, city_third_class",
Glasgow,,"1,087",,2022,"city, city_fourth_class",
Glasgow Village,,"4,584",,2022,"city, census_designated_place",
Glen Allen,,57,,2022,"city, village",
Glen Echo Park,,122,,2022,"city, village",
Glenaire,,539,,2022,"city, city_fourth_class",
Glenallen,,,,2011,city,
Glendale,,"6,176",,2022,"city, city_fourth_class",
Glenwood,,181,,2022,"city, village",
Golden,,275,,2022,"city, census_designated_place",
Golden City,,656,,2022,"city, city_fourth_class",
Goodman,,"1,202",,2022,"city, city_fourth_class",
Goodnight,,18,,2011,city,
Goose Creek Lake,,524,,2022,"city, census_designated_place",
Gordonville,,625,,2022,"city, village",
Goss,,,,2022,"city, village",
Gower,,"1,533",,2022,"city, city_fourth_class",
Graham,,147,,2022,"city, city_fourth_class",
Grain Valley,,"15,627",,2022,"city, city_fourth_class",
Granby,,"2,050",,2022,"city, city_fourth_class",
Grand Falls Plaza,,103,,2022,"city, village",
Grand Pass,,49,,2022,"city, village",
Grandin,,226,,2022,"city, city_fourth_class",
Grandview,,"26,209",,2022,"city, city_fourth_class",
Granger,,22,,2022,"city, village",
Grant City,,817,,2022,"city, county_seat, city_fourth_class",
Grantwood,,941,,2022,"city, village",
Grantwood Village,,,,2011,city,
Gravois Mills,,129,,2022,"city, village",
Gray Summit,,"3,055",,2022,"city, census_designated_place",
Grayhawk,,488,,2022,"city, census_designated_place",
Grayridge,,87,,2022,"city, census_designated_place",
Grayson,,61,,2022,"city, village",
Green Castle,,275,,2011,"city, city_fourth_class",
Green City,,602,,2022,"city, city_fourth_class",
Green Park,,"2,705",,2022,"city, city_fourth_class",
Green Ridge,,468,,2022,"city, city_fourth_class",
Greencastle,,224,,2022,"city, city_fourth_class",
Greendale,,642,,2022,"city, city_fourth_class",
Greene,,"298,915",,2022,"county, county_first_class",
Greenfield,,"1,220",,2022,"city, county_seat, city_fourth_class",
Greentop,,388,,2022,"city, city_fourth_class",
Greenville,,443,,2022,"city, county_seat, city_fourth_class",
Greenwood,,"6,021",,2022,"city, city_fourth_class",
Grovespring,,187,,2022,"city, census_designated_place",
Grundy,,"9,808",,2022,"county, county_third_class_w_township_form",
Guilford,,60,,2022,"city, village",
Gunn City,,80,,2022,"city, village",
Hale,,375,,2022,"city, city_fourth_class",
Half Way,,,,2011,city,
Halfway,,151,,2022,"city, village",
Hallsville,,"1,614",,2022,"city, city_fourth_class",
Halltown,,104,,2022,"city, village",
Hamilton,,"1,690",,2022,"city, city_fourth_class",
Hanley Hills,,"2,009",,2022,"city, village",
Hannibal,,"17,108",,2022,"city, home_rule_city",
Hardin,,571,,2022,"city, city_fourth_class",
Harris,,65,,2022,"city, city_fourth_class",
Harrisburg,,271,,2022,"city, village",
Harrison,,"8,157",,2022,"county, county_third_class_w_township_form",
Harrisonville,,"10,121",,2022,"city, county_seat, city_fourth_class",
Hartsburg,,133,,2022,"city, village",
Hartville,,594,,2022,"city, county_seat, city_fourth_class",
Hartwell,,15,,2022,"city, census_designated_place",
Harviell,,98,,2022,"city, census_designated_place",
Harwood,,29,,2022,"city, village",
Hawk Point,,676,,2022,"city, city_fourth_class",
Hayti,,"2,493",,2022,"city, city_fourth_class",
Hayti Heights,,515,,2022,"city, city_fourth_class",
Hayward,,93,,2022,"city, census_designated_place",
Haywood City,,133,,2022,"city, village",
Hazelwood,,"25,458",,2022,"city, home_rule_city",
Henrietta,,278,,2022,"city, city_fourth_class",
Henry,,"21,946",,2022,"county, county_third_class_w_township_form",
Herculaneum,,"4,672",,2022,"city, city_fourth_class",
Hermann,,"2,185",,2022,"city, county_seat, city_fourth_class",
Hermitage,,621,,2022,"city, county_seat, city_fourth_class",
Hickory,,"8,279",,2022,"county, county_third_class_wo_township_form",
Higbee,,459,,2022,"city, city_fourth_class",
Higginsville,,"4,817",,2022,"city, city_fourth_class",
High Hill,,186,,2022,"city, city_fourth_class",
High Ridge,,"4,242",,2022,"city, census_designated_place",
Highlandville,,963,,2022,"city, city_fourth_class",
Hillsboro,,"3,473",,2022,"city, county_seat, city_fourth_class",
Hillsdale,,"1,216",,2022,"city, village",
Hoberg,,48,,2022,"city, village",
Holcomb,,642,,2022,"city, city_fourth_class",
Holden,,"2,210",,2022,"city, city_third_class",
Holland,,194,,2022,"city, city_fourth_class",
Holliday,,114,,2022,"city, village",
Hollister,,"4,583",,2022,"city, city_fourth_class",
Hollywood,,24,,2022,"city, census_designated_place",
Holt,,471,,2022,"city, city_fourth_class",
Holt,,"4,223",,2022,"county, county_third_class_wo_township_form",
Holts Summit,,"4,458",,2022,"city, city_fourth_class",
Homestead,,192,,2022,"city, village",
Homestown,,73,,2022,"city, city_fourth_class",
Hopkins,,472,,2022,"city, city_fourth_class",
Horine,,657,,2022,"city, census_designated_place",
Hornersville,,537,,2022,"city, city_fourth_class",
Houston,,"2,079",,2022,"city, county_seat, city_fourth_class",
Houston Lake,,229,,2022,"city, city_fourth_class",
Houstonia,,198,,2022,"city, city_fourth_class",
Howard,,"10,151",,2022,"county, county_third_class_wo_township_form",
Howardville,,277,,2022,"city, city_fourth_class",
Howell,,"39,750",,2022,"county, county_third_class_wo_township_form",
Hughesville,,150,,2022,"city, village",
Humansville,,907,,2022,"city, city_fourth_class",
Hume,,283,,2022,"city, city_fourth_class",
Humphreys,,89,,2022,"city, village",
Hunnewell,,139,,2022,"city, city_fourth_class",
Hunter,,95,,2022,"city, census_designated_place",
Huntleigh,,361,,2022,"city, city_fourth_class",
Huntsdale,,29,,2022,"city, village",
Huntsville,,"1,376",,2022,"city, county_seat, city_third_class",
Hurdland,,155,,2022,"city, city_fourth_class",
Hurley,,176,,2022,"city, city_fourth_class",
Iantha,,95,,2022,"city, census_designated_place",
Iatan,,39,,2022,"city, village",
Iberia,,703,,2022,"city, city_fourth_class",
Imperial,,"4,407",,2022,"city, census_designated_place",
Independence,,"123,011",,2022,"city, county_seat, home_rule_city",
Indian Lake,,689,,2022,"city, census_designated_place",
Indian Point,,550,,2022,"city, village",
Innsbrook,,596,,2022,"city, village",
Ionia,,71,,2022,"city, village",
Irena,,14,,2022,"city, village",
Iron,,"9,537",,2022,"county, county_third_class_wo_township_form",
Iron Mountain Lake,,640,,2022,"city, city_fourth_class",
Irondale,,368,,2022,"city, city_fourth_class",
Ironton,,"1,475",,2022,"city, county_seat, city_fourth_class",
Irwin,,47,,2022,"city, census_designated_place",
Jackson,,"15,481",,2022,"city, county_seat, city_fourth_class",
Jackson,,"717,204",,2022,"county, county_w_charter",
Jacksonville,,122,,2022,"city, village",
Jameson,,73,,2022,"city, village",
Jamesport,,559,,2022,"city, city_fourth_class",
Jamestown,,330,,2022,"city, city_fourth_class",
Jane,,359,,2022,"city, village",
Jasper,,906,,2022,"city, city_fourth_class",
Jasper,,"122,761",,2022,"county, county_first_class",
Jefferson,,"226,739",,2022,"county, county_w_charter",
Jefferson City,,"43,228",,2022,"city, county_seat, home_rule_city",
Jennings,,"12,895",,2022,"city, city_third_class",
Jens City,,9,,2015,"city, village, home_rule_city",
Jerico Springs,,160,,2022,"city, village",
Johnson,,"54,013",,2022,"county, county_fourth_class",
Jonesburg,,726,,2022,"city, city_fourth_class",
Joplin,,"51,762",,2022,"city, home_rule_city",
Josephville,,512,,2022,"city, village",
Junction City,,283,,2022,"city, village",
Kahoka,,"1,961",,2022,"city, county_seat, city_fourth_class",
Kansas City,,"508,090",,2022,"city, home_rule_city",
Kearney,,"10,404",,2022,"city, city_fourth_class",
Kelso,,554,,2022,"city, village",
Kennett,,"10,515",,2022,"city, county_seat, city_third_class",
Keytesville,,440,,2022,"city, county_seat, city_fourth_class",
Kidder,,267,,2022,"city, city_fourth_class",
Kimberling City,,"2,344",,2022,"city, city_fourth_class",
Kimmswick,,133,,2022,"city, city_fourth_class",
King City,,799,,2022,"city, city_fourth_class",
Kingdom City,,134,,2022,"city, village",
Kingston,,290,,2022,"city, county_seat, city_fourth_class",
Kingsville,,245,,2022,"city, city_fourth_class",
Kinloch,,263,,2022,"city, city_fourth_class",
Kirbyville,,195,,2022,"city, village",
Kirksville,,"17,530",,2022,"city, county_seat, city_third_class",
Kirkwood,,"29,461",,2022,"city, home_rule_city",
Kissee Mills,,"1,023",,2022,"city, census_designated_place",
Knob Lick,,147,,2022,"city, census_designated_place",
Knob Noster,,"2,782",,2022,"city, city_fourth_class",
Knox,,"3,744",,2022,"county, county_third_class_wo_township_form",
Knox City,,191,,2022,"city, city_fourth_class",
Koshkonong,,196,,2022,"city, city_fourth_class",
La Belle,,664,,2022,"city, city_fourth_class",
La Due,,27,,2022,"city, village",
La Grange,,825,,2022,"city, special_charter_city",
La Monte,,"1,014",,2022,"city, city_fourth_class",
La Plata,,"1,257",,2022,"city, city_fourth_class",
La Russell,,134,,2022,"city, village",
La Tour,,65,,2022,"city, census_designated_place",
LaBarque Creek,,"1,658",,2022,"city, census_designated_place",
Laclede,,305,,2022,"city, city_fourth_class",
Laclede,,"36,039",,2022,"county, county_third_class_wo_township_form",
Laddonia,,502,,2022,"city, city_fourth_class",
Ladue,,"8,989",,2022,"city, city_fourth_class",
Lafayette,,"32,984",,2022,"county, county_fourth_class",
Lake Annette,,107,,2022,"city, city_fourth_class",
Lake Arrowhead,,363,,2022,"city, census_designated_place",
Lake Lafayette,,277,,2022,"city, city_fourth_class",
Lake Lotawana,,"2,310",,2022,"city, city_fourth_class",
Lake Mykee,,350,,2011,city,
Lake Mykee Town,,,,2011,city,
Lake Ozark,,"2,077",,2022,"city, city_fourth_class",
Lake St. Clair,,825,,2022,"city, census_designated_place",
Lake St. Louis,,"16,707",,2022,"city, city_fourth_class",
Lake Tapawingo,,794,,2022,"city, city_fourth_class",
Lake Tekakwitha,,230,,2022,"city, village",
Lake Timberline,,726,,2022,"city, census_designated_place",
Lake Viking,,486,,2022,"city, census_designated_place",
Lake Waukomis,,888,,2022,"city, city_fourth_class",
Lake Winnebago,,"1,433",,2022,"city, city_fourth_class",
Lakeshire,,"1,554",,2022,"city, city_fourth_class",
Lakeside,,,,2022,"city, city_fourth_class",
Lamar,,"4,266",,2022,"city, county_seat, city_fourth_class",
Lamar Heights,,170,,2022,"city, city_fourth_class",
Lambert,,48,,2022,"city, village",
Lanagan,,373,,2022,"city, city_fourth_class",
Lancaster,,675,,2022,"city, county_seat, city_fourth_class",
Laredo,,156,,2022,"city, city_fourth_class",
Latham,,69,,2022,"city, census_designated_place",
Lathrop,,"2,271",,2022,"city, city_fourth_class",
LaTour,,,,2011,city,
Laurie,,939,,2022,"city, city_fourth_class",
Lawrence,,"38,001",,2022,"county, county_third_class_wo_township_form",
Lawson,,"2,541",,2022,"city, city_fourth_class",
Leadington,,764,,2022,"city, city_fourth_class",
Leadwood,,"1,178",,2022,"city, city_fourth_class",
Leasburg,,326,,2022,"city, village",
Leawood,,620,,2022,"city, village",
Lebanon,,"15,013",,2022,"city, county_seat, city_third_class",
Lee's Summit,,"101,108",,2022,"city, home_rule_city",
Leeton,,532,,2022,"city, city_fourth_class",
Leisure Lake,,166,,2022,"city, census_designated_place",
Lemay,,"17,117",,2022,"city, census_designated_place",
Leonard,,57,,2022,"city, village",
Leslie,,136,,2022,"city, village",
Levasy,,77,,2022,"city, city_fourth_class",
Lewis,,"10,032",,2022,"county, county_third_class_wo_township_form",
Lewis and Clark,,132,,2011,"city, village",
Lewis and Clark Village,,96,,2022,"city, village",
Lewistown,,521,,2022,"city, city_fourth_class",
Lexington,,"4,652",,2022,"city, county_seat, city_third_class",
Liberal,,629,,2022,"city, city_fourth_class",
Liberty,,"30,167",,2022,"city, county_seat, special_charter_city",
Licking,,"2,851",,2022,"city, city_fourth_class",
Lilbourn,,994,,2022,"city, city_fourth_class",
Lincoln,,"1,144",,2022,"city, city_fourth_class",
Lincoln,,"59,574",,2022,"county, county_second_class",
Linn,,"1,350",,2022,"city, county_seat, city_fourth_class",
Linn,,"11,874",,2022,"county, county_third_class_w_township_form",
Linn Creek,,216,,2022,"city, city_fourth_class",
Linneus,,281,,2022,"city, county_seat, city_fourth_class",
Lithium,,92,,2022,"city, census_designated_place",
Livingston,,"14,557",,2022,"county, county_third_class_w_township_form",
Livonia,,52,,2022,"city, village",
Loch Lloyd,,863,,2022,"city, village",
Lock Springs,,40,,2022,"city, village",
Lockwood,,846,,2022,"city, city_fourth_class",
Lohman,,175,,2022,"city, city_fourth_class",
Loma Linda,,943,,2022,"city, village",
Lone Jack,,"1,492",,2022,"city, city_fourth_class",
Long,,,,2011,city,
Longtown,,90,,2022,"city, village",
Louisburg,,134,,2022,"city, village",
Louisiana,,"3,199",,2022,"city, city_third_class",
Lowry City,,613,,2022,"city, city_fourth_class",
Lucerne,,57,,2022,"city, village",
Ludlow,,111,,2022,"city, village",
Lupus,,28,,2022,"city, city_fourth_class",
Luray,,73,,2022,"city, village",
Mackenzie,,134,,2011,city,
MacKenzie,,,,2011,city,
Macks Creek,,365,,2022,"city, census_designated_place",
Macon,,"5,457",,2022,"city, county_seat, city_third_class",
Macon,,"15,209",,2022,"county, county_third_class_wo_township_form",
Madison,,515,,2022,"city, city_fourth_class",
Madison,,"12,626",,2022,"county, county_third_class_wo_township_form",
Maitland,,276,,2022,"city, city_fourth_class",
Malden,,"3,706",,2022,"city, city_third_class",
Malta Bend,,187,,2022,"city, city_fourth_class",
Manchester,,"18,333",,2022,"city, city_fourth_class",
Mansfield,,"1,193",,2022,"city, city_fourth_class",
Maplewood,,"8,269",,2022,"city, home_rule_city",
Marble Hill,,"1,388",,2022,"city, county_seat, city_fourth_class",
Marceline,,"2,123",,2022,"city, city_third_class",
Maries,,"8,432",,2022,"county, county_third_class_wo_township_form",
Marion,,"28,525",,2022,"county, county_third_class_wo_township_form",
Marionville,,"2,054",,2022,"city, city_fourth_class",
Marlborough,,"2,221",,2022,"city, village",
Marquand,,186,,2022,"city, city_fourth_class",
Marshall,,"13,806",,2022,"city, county_seat, city_third_class",
Marshfield,,"7,458",,2022,"city, county_seat, city_fourth_class",
Marston,,397,,2022,"city, city_fourth_class",
Marthasville,,"1,245",,2022,"city, city_fourth_class",
Martinsburg,,251,,2022,"city, city_fourth_class",
Maryland Heights,,"28,284",,2022,"city, city_third_class",
Maryville,,"10,633",,2022,"city, county_seat, city_third_class",
Matthews,,534,,2022,"city, city_fourth_class",
Maysville,,"1,095",,2022,"city, county_seat, city_fourth_class",
Mayview,,208,,2022,"city, city_fourth_class",
McBaine,,17,,2022,"city, village",
McCord Bend,,212,,2022,"city, village",
McDonald,,"23,303",,2022,"county, county_third_class_wo_township_form",
McFall,,119,,2022,"city, village",
McKittrick,,77,,2022,"city, city_fourth_class",
Meadville,,415,,2022,"city, city_fourth_class",
Medill,,82,,2022,"city, census_designated_place",
Mehlville,,"28,955",,2022,"city, census_designated_place",
Memphis,,"1,731",,2022,"city, county_seat, city_fourth_class",
Mendon,,163,,2022,"city, city_fourth_class",
Mercer,,263,,2022,"city, city_fourth_class",
Mercer,,"3,538",,2022,"county, county_third_class_w_township_form",
Merriam Woods,,"2,006",,2022,"city, city_fourth_class",
Merwin,,69,,2022,"city, village",
Meta,,180,,2022,"city, city_fourth_class",
Metz,,22,,2022,"city, village",
Mexico,,"11,469",,2022,"city, county_seat, city_third_class",
Miami,,152,,2022,"city, special_charter_city",
Middle Grove,,57,,2022,"city, census_designated_place",
Middletown,,171,,2022,"city, city_fourth_class",
Milan,,"1,819",,2022,"city, county_seat, city_fourth_class",
Milford,,24,,2022,"city, village",
Mill Spring,,159,,2022,"city, village",
Millard,,79,,2022,"city, village",
Miller,,704,,2022,"city, city_fourth_class",
Miller,,"24,722",,2022,"county, county_third_class_wo_township_form",
Millersville,,240,,2022,"city, census_designated_place",
Milo,,57,,2022,"city, village",
Mindenmines,,271,,2022,"city, city_fourth_class",
Mine La Motte,,364,,2022,"city, census_designated_place",
Miner,,916,,2022,"city, city_fourth_class",
Mineral Point,,231,,2022,"city, village",
Miramiguoa Park,,126,,2022,"city, village",
Mississippi,,"12,577",,2022,"county, county_third_class_wo_township_form",
Missouri City,,217,,2022,"city, city_fourth_class",
Moberly,,"13,783",,2022,"city, city_third_class",
Mokane,,188,,2022,"city, city_fourth_class",
Moline Acres,,"2,156",,2022,"city, city_fourth_class",
Monett,,"9,576",,2022,"city, city_third_class",
Moniteau,,"15,473",,2022,"county, county_third_class_wo_township_form",
Monroe,,"8,666",,2022,"county, county_third_class_wo_township_form",
Monroe City,,"2,652",,2022,"city, city_fourth_class",
Montgomery,,"11,322",,2022,"county, county_third_class_w_township_form",
Montgomery City,,"2,811",,2022,"city, county_seat, city_fourth_class",
Monticello,,104,,2022,"city, county_seat, village",
Montier,,49,,2022,"city, census_designated_place",
Montreal,,119,,2022,"city, census_designated_place",
Montrose,,383,,2022,"city, city_fourth_class",
Mooresville,,98,,2022,"city, village",
Morehouse,,741,,2022,"city, city_fourth_class",
Morgan,,"21,006",,2022,"county, county_third_class_wo_township_form",
Morley,,630,,2022,"city, city_fourth_class",
Morrison,,93,,2022,"city, city_fourth_class",
Morrisville,,376,,2022,"city, city_fourth_class",
Mosby,,101,,2022,"city, city_fourth_class",
Moscow Mills,,"3,317",,2022,"city, city_fourth_class",
Mound City,,"1,004",,2022,"city, city_fourth_class",
Moundville,,78,,2022,"city, village",
Mount Leonard,,65,,2022,"city, village",
Mount Moriah,,75,,2022,"city, village",
Mount Vernon,,"4,526",,2022,"city, county_seat, city_fourth_class",
Mountain Grove,,"4,313",,2022,"city, city_fourth_class",
Mountain View,,"2,533",,2022,"city, city_fourth_class",
Mt. Vernon,,"4,575",,2011,"city, county_seat, city_fourth_class",
Murphy,,"8,425",,2022,"city, census_designated_place",
Napoleon,,211,,2022,"city, city_fourth_class",
Naylor,,440,,2022,"city, city_fourth_class",
Neck City,,228,,2022,"city, city_fourth_class",
Neelyville,,318,,2022,"city, city_fourth_class",
Nelson,,152,,2022,"city, city_fourth_class",
Neosho,,"12,590",,2022,"city, county_seat, home_rule_city",
Nevada,,"8,212",,2022,"city, county_seat, home_rule_city",
New Bloomfield,,687,,2022,"city, city_fourth_class",
New Cambria,,153,,2022,"city, city_fourth_class",
New Florence,,641,,2022,"city, city_fourth_class",
New Franklin,,"1,027",,2022,"city, city_fourth_class",
New Hamburg,,218,,2022,"city, census_designated_place",
New Hampton,,228,,2022,"city, city_fourth_class",
New Haven,,"2,414",,2022,"city, city_fourth_class",
New London,,943,,2022,"city, county_seat, city_fourth_class",
New Madrid,,"2,787",,2022,"city, county_seat, city_fourth_class",
New Madrid,,"16,434",,2022,"county, county_third_class_wo_township_form",
New Market,,88,,2022,"city, census_designated_place",
New Melle,,541,,2022,"city, city_fourth_class",
New Wells,,40,,2022,"city, census_designated_place",
Newark,,54,,2022,"city, village",
Newburg,,333,,2022,"city, city_fourth_class",
Newton,,"58,648",,2022,"county, county_second_class",
Newtonia,,204,,2022,"city, village",
Newtown,,113,,2022,"city, city_fourth_class",
Niangua,,390,,2022,"city, city_fourth_class",
Nixa,,"23,257",,2022,"city, home_rule_city",
Nodaway,,"21,241",,2022,"county, county_third_class_w_township_form",
Noel,,"2,124",,2022,"city, city_fourth_class",
Norborne,,634,,2022,"city, city_fourth_class",
Normandy,,"4,287",,2022,"city, city_third_class",
North Kansas City,,"4,467",,2022,"city, city_third_class",
North Lilbourn,,22,,2022,"city, village",
North Wardell,,,,2011,city,
Northmoor,,291,,2022,"city, city_fourth_class",
Northwoods,,"3,687",,2022,"city, city_fourth_class",
Norwood,,578,,2022,"city, city_fourth_class",
Norwood Court,,890,,2022,"city, village",
Novelty,,102,,2022,"city, city_fourth_class",
Novinger,,383,,2022,"city, city_fourth_class",
Oak Grove,,"8,157",,2022,"city, city_fourth_class",
Oak Grove Village,,412,,2022,"city, village",
Oak Ridge,,237,,2022,"city, village",
Oakland,,"1,390",,2022,"city, city_fourth_class",
Oaks,,128,,2022,"city, village",
Oakview,,366,,2022,"city, village",
Oakville,,"36,301",,2022,"city, census_designated_place",
Oakwood,,198,,2022,"city, village",
Oakwood Park,,189,,2022,"city, village",
Odessa,,"5,593",,2022,"city, city_fourth_class",
O'Fallon,,"91,316",,2022,"city, home_rule_city",
Old Appleton,,73,,2022,"city, village",
Old Jamestown,,"19,790",,2022,"city, census_designated_place",
Old Monroe,,249,,2022,"city, city_fourth_class",
Olean,,114,,2022,"city, village",
Olivette,,"8,504",,2022,"city, home_rule_city",
Olympian Village,,719,,2022,"city, city_fourth_class",
Oran,,"1,195",,2022,"city, city_fourth_class",
Oregon,,837,,2022,"city, county_seat, city_fourth_class",
Oregon,,"8,635",,2022,"county, county_third_class_wo_township_form",
Oronogo,,"2,558",,2022,"city, city_fourth_class",
Orrick,,753,,2022,"city, city_fourth_class",
Osage,,"13,274",,2022,"county, county_third_class_wo_township_form",
Osage Beach,,"4,637",,2022,"city, city_fourth_class",
Osborn,,374,,2022,"city, city_fourth_class",
Osceola,,909,,2022,"city, county_seat, city_fourth_class",
Osgood,,24,,2022,"city, village",
Otterville,,440,,2022,"city, city_fourth_class",
Overland,,"15,955",,2022,"city, city_third_class",
Owensville,,"2,757",,2022,"city, city_fourth_class",
Oxly,,62,,2022,"city, census_designated_place",
Ozark,,"8,553",,2022,"county, county_third_class_wo_township_form",
Ozark,,"21,284",,2022,"city, county_seat, city_fourth_class",
Ozora,,182,,2022,"city, census_designated_place",
Pacific,,"7,414",,2022,"city, city_fourth_class",
Pagedale,,"2,554",,2022,"city, city_fourth_class",
Palmyra,,"3,613",,2022,"city, county_seat, home_rule_city",
Paradise,,75,,2022,"city, census_designated_place",
Paris,,"1,161",,2022,"city, county_seat, city_fourth_class",
Park Hills,,"8,587",,2022,"city, city_third_class",
Parkdale,,159,,2022,"city, village",
Parkville,,"7,117",,2022,"city, city_fourth_class",
Parkway,,663,,2022,"city, village",
Parma,,555,,2022,"city, city_fourth_class",
Parnell,,135,,2022,"city, city_fourth_class",
Pasadena Hills,,912,,2022,"city, city_fourth_class",
Pasadena Park,,435,,2022,"city, village",
Pascola,,87,,2022,"city, village",
Passaic,,26,,2022,"city, village",
Pattonsburg,,314,,2022,"city, city_fourth_class",
Paynesville,,60,,2022,"city, village",
Peaceful Village,,95,,2022,"city, village",
Peculiar,,"5,621",,2022,"city, city_fourth_class",
Pemiscot,,"15,661",,2022,"county, county_third_class_wo_township_form",
Pendleton,,34,,2022,"city, village",
Penermon,,51,,2022,"city, village",
Perkins,,123,,2022,"city, census_designated_place",
Perry,,665,,2022,"city, city_fourth_class",
Perry,,"18,956",,2022,"county, county_third_class_wo_township_form",
Perryville,,"8,555",,2022,"city, county_seat, city_fourth_class",
Pettis,,"42,980",,2022,"county, county_fourth_class",
Pevely,,"6,026",,2022,"city, city_fourth_class",
Phelps,,"44,638",,2022,"county, county_third_class_wo_township_form",
Phelps City,,,,2022,"city, village",
Philadelphia,,206,,2022,"city, census_designated_place",
Phillipsburg,,164,,2022,"city, village",
Pickering,,149,,2022,"city, city_fourth_class",
Piedmont,,"1,897",,2022,"city, city_fourth_class",
Pierce City,,"1,251",,2022,"city, city_fourth_class",
Pierpont,,64,,2022,"city, village",
Pike,,"17,587",,2022,"county, county_third_class_wo_township_form",
Pilot Grove,,665,,2022,"city, city_fourth_class",
Pilot Knob,,671,,2022,"city, city_fourth_class",
Pine Lawn,,"2,754",,2022,"city, city_fourth_class",
Pineville,,802,,2022,"city, county_seat, city_fourth_class",
Pinhook,,6,,2022,"city, village",
Plato,,82,,2022,"city, village",
Platte,,"106,718",,2022,"county, county_first_class",
Platte City,,"4,784",,2022,"city, county_seat, city_fourth_class",
Platte Woods,,394,,2022,"city, city_fourth_class",
Plattsburg,,"2,222",,2022,"city, county_seat, city_fourth_class",
Pleasant Hill,,"8,777",,2022,"city, special_charter_city",
Pleasant Hope,,657,,2022,"city, city_fourth_class",
Pleasant Valley,,"2,743",,2022,"city, city_fourth_class",
Plevna,,7,,2022,"city, census_designated_place",
Pocahontas,,97,,2022,"city, village",
Polk,,"31,519",,2022,"county, county_third_class_wo_township_form",
Pollock,,46,,2022,"city, village",
Polo,,509,,2022,"city, city_fourth_class",
Pomona,,440,,2022,"city, census_designated_place",
Pontiac,,123,,2022,"city, census_designated_place",
Poplar Bluff,,"16,225",,2022,"city, county_seat, city_third_class",
Portage Des Sioux,,335,,2022,"city, city_fourth_class",
Portageville,,"2,942",,2022,"city, city_fourth_class",
Potosi,,"2,538",,2022,"city, county_seat, city_fourth_class",
Powersville,,42,,2022,"city, city_fourth_class",
Prairie Hill,,50,,2022,"city, census_designated_place",
Prairie Home,,262,,2022,"city, city_fourth_class",
Prathersville,,121,,2022,"city, village",
Preston,,157,,2022,"city, village",
Princeton,,"1,007",,2022,"city, county_seat, city_fourth_class",
Pulaski,,"53,955",,2022,"county, county_third_class_wo_township_form",
Purcell,,318,,2022,"city, city_fourth_class",
Purdin,,141,,2022,"city, city_fourth_class",
Purdy,,"1,031",,2022,"city, city_fourth_class",
Putnam,,"4,681",,2022,"county, county_third_class_w_township_form",
Puxico,,873,,2022,"city, city_fourth_class",
Queen City,,562,,2022,"city, city_fourth_class",
Quitman,,42,,2022,"city, census_designated_place",
Qulin,,460,,2022,"city, city_fourth_class",
Raintree Plantation,,"1,996",,2022,"city, census_designated_place",
Ralls,,"10,355",,2022,"county, county_third_class_wo_township_form",
Randolph,,57,,2022,"city, city_fourth_class",
Randolph,,"24,716",,2022,"county, county_third_class_wo_township_form",
Ravanna,,60,,2022,"city, census_designated_place",
Ravenwood,,439,,2022,"city, city_fourth_class",
Ray,,"23,158",,2022,"county, county_third_class_wo_township_form",
Raymondville,,345,,2022,"city, village",
Raymore,,"22,941",,2022,"city, home_rule_city",
Raytown,,"30,012",,2022,"city, city_fourth_class",
Rayville,,157,,2022,"city, census_designated_place",
Rea,,46,,2022,"city, village",
Redings Mill,,164,,2022,"city, village",
Reeds,,91,,2022,"city, village",
Reeds Spring,,"1,136",,2022,"city, city_fourth_class",
Renick,,154,,2022,"city, village",
Rensselaer,,253,,2022,"city, village",
Rensselear,,,,2011,city,
Republic,,"18,750",,2022,"city, home_rule_city",
Revere,,76,,2022,"city, city_fourth_class",
Reynolds,,"6,096",,2022,"county, county_third_class_wo_township_form",
Rhineland,,139,,2022,"city, village",
Rich Hill,,"1,232",,2022,"city, city_fourth_class",
Richards,,43,,2022,"city, village",
Richland,,"1,734",,2022,"city, city_fourth_class",
Richmond,,"6,013",,2022,"city, county_seat, city_third_class",
Richmond Heights,,"9,286",,2022,"city, home_rule_city",
Ridgely,,95,,2022,"city, village",
Ridgeway,,372,,2022,"city, city_fourth_class",
Ripley,,"10,679",,2022,"county, county_third_class_wo_township_form",
Risco,,286,,2022,"city, city_fourth_class",
Ritchey,,66,,2022,"city, village",
River Bend,,3,,2022,"city, village",
Riverside,,"4,013",,2022,"city, city_fourth_class",
Riverview,,"2,397",,2022,"city, village",
Riverview Estates,,78,,2022,"city, village",
Rives,,42,,2022,"city, village",
Rocheport,,201,,2022,"city, city_fourth_class",
Rock Hill,,"4,750",,2022,"city, city_fourth_class",
Rock Port,,"1,278",,2022,"city, county_seat, city_fourth_class",
Rockaway Beach,,829,,2022,"city, city_fourth_class",
Rockville,,135,,2022,"city, city_fourth_class",
Rocky Comfort,,176,,2022,"city, census_designated_place",
Rogersville,,"3,897",,2022,"city, city_fourth_class",
Rolla,,"19,943",,2022,"city, county_seat, city_third_class",
Roscoe,,89,,2022,"city, village",
Rosebud,,390,,2022,"city, city_fourth_class",
Rosendale,,119,,2022,"city, city_fourth_class",
Rothville,,63,,2022,"city, village",
Rueter,,,,2011,city,
Rush Hill,,103,,2022,"city, village",
Rushville,,225,,2022,"city, village",
Russellville,,778,,2022,"city, city_fourth_class",
Rutledge,,86,,2022,"city, village",
Saddlebrooke,,309,,2022,"city, village",
Saginaw,,300,,2022,"city, village",
Salem,,"4,608",,2022,"city, county_seat, city_fourth_class",
Saline,,"23,333",,2022,"county, county_fourth_class",
Salisbury,,"1,563",,2022,"city, city_fourth_class",
Sappington,,"7,995",,2022,"city, census_designated_place",
Sarcoxie,,"1,406",,2022,"city, city_fourth_class",
Savannah,,"5,069",,2022,"city, county_seat, city_fourth_class",
Saverton,,213,,2022,"city, census_designated_place",
Schell City,,228,,2022,"city, city_fourth_class",
Schuyler,,"4,032",,2022,"county, county_third_class_wo_township_form",
Scotland,,"4,716",,2022,"county, county_third_class_wo_township_form",
Scotsdale,,194,,2022,"city, village",
Scott,,"38,059",,2022,"county, county_third_class_wo_township_form",
Scott City,,"4,346",,2022,"city, city_third_class",
Sedalia,,"21,725",,2022,"city, county_seat, city_third_class",
Sedgewickville,,191,,2022,"city, village",
Seligman,,813,,2022,"city, city_fourth_class",
Senath,,"1,593",,2022,"city, city_fourth_class",
Seneca,,"2,230",,2022,"city, city_fourth_class",
Seymour,,"1,841",,2022,"city, city_fourth_class",
Shakertowne,,625,,2022,"city, census_designated_place",
Shannon,,"7,031",,2022,"county, county_third_class_wo_township_form",
Shawneetown,,132,,2022,"city, census_designated_place",
Shelbina,,"1,613",,2022,"city, city_fourth_class",
Shelby,,"6,103",,2022,"county, county_third_class_wo_township_form",
Shelbyville,,518,,2022,"city, county_seat, city_fourth_class",
Sheldon,,435,,2022,"city, city_fourth_class",
Shell Knob,,"1,254",,2022,"city, census_designated_place",
Sheridan,,145,,2022,"city, city_fourth_class",
Shoal Creek Drive,,356,,2022,"city, village",
Shoal Creek Estates,,107,,2022,"city, village",
Shrewsbury,,"6,406",,2022,"city, city_fourth_class",
Sibley,,314,,2022,"city, village",
Sikeston,,"16,291",,2022,"city, home_rule_city",
Silex,,24,,2022,"city, village",
Silver Creek,,623,,2011,city,
Skidmore,,245,,2022,"city, city_fourth_class",
Slater,,"1,834",,2022,"city, city_third_class",
Smithton,,506,,2022,"city, city_fourth_class",
Smithville,,"10,406",,2022,"city, city_fourth_class",
South Fork,,212,,2022,"city, census_designated_place",
South Gifford,,22,,2022,"city, village",
South Gorin,,62,,2022,"city, city_fourth_class",
South Greenfield,,122,,2022,"city, village",
South Lineville,,13,,2022,"city, village",
South West City,,,,2011,city,
Southwest City,,922,,2022,"city, city_fourth_class",
Spanish Lake,,"18,413",,2022,"city, census_designated_place",
Sparta,,"1,876",,2022,"city, city_fourth_class",
Spickard,,222,,2022,"city, city_fourth_class",
Spokane,,491,,2022,"city, census_designated_place",
Springfield,,"169,176",,2022,"city, county_seat, home_rule_city",
St. Ann,,"13,019",,2022,"city, city_fourth_class",
St. Catharine,,78,,2022,"city, census_designated_place",
St. Charles,,"70,493",,2022,"city, county_seat, home_rule_city",
St. Charles,,"405,262",,2022,"county, county_w_charter",
St. Clair,,"4,791",,2022,"city, city_fourth_class",
St. Clair,,"9,284",,2022,"county, county_third_class_wo_township_form",
St. Clement,,76,,2022,"city, census_designated_place",
St. Cloud,,43,,2022,"city, village",
St. Elizabeth,,418,,2022,"city, village",
St. Francisville,,137,,2022,"city, census_designated_place",
St. Francois,,"66,922",,2022,"county, county_first_class",
St. George,,"1,553",,2022,"city, census_designated_place",
St. James,,"3,935",,2022,"city, city_third_class",
St. John,,"6,643",,2022,"city, home_rule_city",
St. Joseph,,"72,473",,2022,"city, county_seat, home_rule_city",
St. Louis,,"1,004,125",,2022,"county, county_w_charter",
St. Louis City,,"301,578",,2022,"city, county_seat, city_not_within_a_county",
St. Louis City,,"301,578",,2022,county,
St. Martins,,"1,191",,2022,"city, city_fourth_class",
St. Mary,,309,,2022,"city, city_fourth_class",
St. Paul,,"3,005",,2022,"city, city_fourth_class",
St. Peters,,"57,732",,2022,"city, city_fourth_class",
St. Robert,,"5,192",,2022,"city, city_fourth_class",
St. Thomas,,222,,2022,"city, city_fourth_class",
Stanberry,,"1,129",,2022,"city, city_fourth_class",
Stanton,,366,,2022,"city, census_designated_place",
Stark City,,125,,2022,"city, village",
Ste. Genevieve,,"4,999",,2022,"city, county_seat, city_fourth_class",
Ste. Genevieve,,"18,479",,2022,"county, county_third_class_wo_township_form",
Steele,,"1,853",,2022,"city, city_fourth_class",
Steelville,,"1,472",,2022,"city, county_seat, city_fourth_class",
Stella,,166,,2022,"city, village",
Stewartsville,,733,,2022,"city, city_fourth_class",
Stockton,,"1,683",,2022,"city, county_seat, city_fourth_class",
Stoddard,,"28,672",,2022,"county, county_third_class_w_township_form",
Stone,,"31,076",,2022,"county, county_third_class_wo_township_form",
Stotesbury,,12,,2022,"city, village",
Stotts City,,167,,2022,"city, city_fourth_class",
Stoutland,,209,,2022,"city, city_fourth_class",
Stoutsville,,37,,2022,"city, village",
Stover,,"1,006",,2022,"city, city_fourth_class",
Strafford,,"2,561",,2022,"city, city_fourth_class",
Strasburg,,107,,2022,"city, city_fourth_class",
Sturgeon,,907,,2022,"city, city_fourth_class",
Sugar Creek,,"3,271",,2022,"city, city_fourth_class",
Sullivan,,"5,999",,2022,"county, county_third_class_wo_township_form",
Sullivan,,"6,906",,2022,"city, city_fourth_class",
Summer Set,,"1,127",,2022,"city, census_designated_place",
Summersville,,453,,2022,"city, city_fourth_class",
Sumner,,78,,2022,"city, city_fourth_class",
Sundown,,62,,2022,"city, census_designated_place",
Sunrise Beach,,431,,2022,"city, village",
Sunset Hills,,"9,198",,2022,"city, city_fourth_class",
Sweet Springs,,"1,316",,2022,"city, city_fourth_class",
Sycamore Hills,,561,,2022,"city, village",
Syracuse,,151,,2022,"city, city_fourth_class",
Table Rock,,,,2011,city,
Tallapoosa,,78,,2022,"city, village",
Taney,,"56,066",,2022,"county, county_first_class",
Taneyville,,274,,2022,"city, village",
Taos,,"1,150",,2022,"city, city_fourth_class",
Tarkio,,"1,506",,2022,"city, city_fourth_class",
Tarrants,,22,,2022,"city, village",
Tarsney Lakes,,250,,2022,"city, census_designated_place",
Tebbetts,,64,,2022,"city, census_designated_place",
Terre du Lac,,"2,478",,2022,"city, census_designated_place",
Texas,,"24,487",,2022,"county, county_third_class_w_township_form",
Thayer,,"1,883",,2022,"city, city_fourth_class",
Theodosia,,188,,2022,"city, village",
Thomasville,,23,,2022,"city, census_designated_place",
Three Creeks,,8,,2022,"city, village",
Tightwad,,58,,2022,"city, village",
Tina,,139,,2022,"city, village",
Tindall,,46,,2022,"city, city_fourth_class",
Tipton,,"2,920",,2022,"city, city_fourth_class",
Town and Country,,"11,640",,2022,"city, city_fourth_class",
Tracy,,269,,2022,"city, city_fourth_class",
Trenton,,"5,609",,2022,"city, county_seat, city_third_class",
Trimble,,573,,2022,"city, city_fourth_class",
Triplett,,33,,2022,"city, city_fourth_class",
Troy,,"12,686",,2022,"city, county_seat, city_fourth_class",
Truesdale,,853,,2022,"city, city_fourth_class",
Truxton,,59,,2022,"city, village",
Turney,,114,,2022,"city, village",
Tuscumbia,,188,,2022,"city, county_seat, village",
Twin Bridges,,,,2011,city,
Twin Oaks,,605,,2022,"city, city_fourth_class",
Umber View Heights,,41,,2022,"city, village",
Union,,"12,348",,2022,"city, county_seat, city_fourth_class",
Union Star,,380,,2022,"city, city_fourth_class",
Unionville,,"1,735",,2022,"city, county_seat, city_fourth_class",
Unity Village,,66,,2022,"city, village",
University City,,"35,065",,2022,"city, home_rule_city",
Uplands Park,,312,,2022,"city, village",
Urbana,,387,,2022,"city, city_fourth_class",
Urich,,463,,2022,"city, city_fourth_class",
Utica,,222,,2022,"city, village",
Valley Park,,"6,885",,2022,"city, city_fourth_class",
Van Buren,,747,,2022,"city, county_seat, city_fourth_class",
Vandalia,,"3,553",,2022,"city, city_fourth_class",
Vandiver,,63,,2022,"city, village",
Vanduser,,183,,2022,"city, village",
Velda City,,"1,188",,2022,"city, city_fourth_class",
Velda Village Hills,,881,,2022,"city, village",
Vernon,,"19,707",,2022,"county, county_third_class_w_township_form",
Verona,,507,,2022,"city, city_fourth_class",
Versailles,,"2,539",,2022,"city, county_seat, city_fourth_class",
Vibbard,,215,,2022,"city, census_designated_place",
Viburnum,,667,,2022,"city, city_fourth_class",
Vienna,,581,,2022,"city, county_seat, city_fourth_class",
Villa Ridge,,"2,601",,2022,"city, census_designated_place",
Village of Four Seasons,,"2,383",,2022,"city, village",
Vinita Park,,"1,970",,2022,"city, city_fourth_class",
Vinita Terrace,,277,,2011,city,
Vista,,36,,2022,"city, village",
Waco,,72,,2022,"city, city_fourth_class",
Walker,,199,,2022,"city, city_fourth_class",
Walnut Grove,,652,,2022,"city, city_fourth_class",
Wardell,,310,,2022,"city, city_fourth_class",
Wardsville,,"1,599",,2022,"city, village",
Warren,,"35,532",,2022,"county, county_third_class_wo_township_form",
Warrensburg,,"19,337",,2022,"city, county_seat, city_third_class",
Warrenton,,"8,429",,2022,"city, county_seat, city_fourth_class",
Warsaw,,"2,209",,2022,"city, county_seat, city_fourth_class",
Warson Woods,,"2,018",,2022,"city, city_fourth_class",
Washburn,,407,,2022,"city, city_fourth_class",
Washington,,"14,500",,2022,"city, city_third_class",
Washington,,"23,514",,2022,"county, county_third_class_wo_township_form",
Wasola,,115,,2022,"city, census_designated_place",
Watson,,61,,2022,"city, village",
Waverly,,784,,2022,"city, city_fourth_class",
Wayland,,408,,2022,"city, city_fourth_class",
Wayne,,"10,974",,2022,"county, county_third_class_wo_township_form",
Waynesville,,"5,406",,2022,"city, county_seat, city_third_class",
Weatherby,,80,,2022,"city, village",
Weatherby Lake,,"2,077",,2022,"city, city_fourth_class",
Weaubleau,,378,,2022,"city, city_fourth_class",
Webb City,,"13,031",,2022,"city, city_third_class",
Webster,,"39,085",,2022,"county, county_third_class_wo_township_form",
Webster Groves,,"24,010",,2022,"city, home_rule_city",
Weingarten,,127,,2022,"city, census_designated_place",
Weldon Spring,,"5,326",,2022,"city, city_fourth_class",
Weldon Spring Heigh,,,,2011,city,
Weldon Spring Heights,,93,,2022,"city, village",
Wellington,,738,,2022,"city, city_fourth_class",
Wellston,,"1,537",,2022,"city, city_third_class",
Wellsville,,998,,2022,"city, city_fourth_class",
Wentworth,,98,,2022,"city, village",
Wentzville,,"44,372",,2022,"city, city_fourth_class",
West Alton,,359,,2022,"city, village",
West Line,,117,,2022,"city, village",
West Plains,,"12,184",,2022,"city, county_seat, city_third_class",
West Sullivan,,285,,2022,"city, village",
Westboro,,116,,2022,"city, city_fourth_class",
Weston,,"1,756",,2022,"city, city_fourth_class",
Westphalia,,378,,2022,"city, city_fourth_class",
Westwood,,316,,2022,"city, village",
Wheatland,,277,,2022,"city, city_fourth_class",
Wheaton,,672,,2022,"city, city_fourth_class",
Wheeling,,220,,2022,"city, city_fourth_class",
White Branch,,301,,2022,"city, census_designated_place",
White Oak,,101,,2022,"city, census_designated_place",
Whiteman AFB,,"2,896",,2022,"city, census_designated_place",
Whiteside,,52,,2022,"city, village",
Whitewater,,88,,2022,"city, village",
Whiting,,155,,2022,"city, census_designated_place",
Wilbur Park,,439,,2022,"city, village",
Wildwood,,"35,417",,2022,"city, home_rule_city",
Willard,,"6,344",,2022,"city, city_fourth_class",
Williamstown,,60,,2022,"city, census_designated_place",
Williamsville,,279,,2022,"city, city_fourth_class",
Willow Springs,,"2,164",,2022,"city, city_fourth_class",
Wilson City,,77,,2022,"city, village",
Winchester,,"1,447",,2022,"city, city_fourth_class",
Windsor,,"2,775",,2022,"city, city_fourth_class",
Windsor Place,,358,,2022,"city, village",
Winfield,,"1,518",,2022,"city, city_fourth_class",
Winigan,,37,,2022,"city, census_designated_place",
Winona,,950,,2022,"city, city_fourth_class",
Winston,,229,,2022,"city, village",
Wood Heights,,757,,2022,"city, city_fourth_class",
Woodson Terrace,,"3,950",,2022,"city, city_fourth_class",
Wooldridge,,28,,2022,"city, village",
Worth,,65,,2022,"city, village",
Worth,,"1,973",,2022,"county, county_third_class_wo_township_form",
Wortham,,197,,2022,"city, census_designated_place",
Worthington,,47,,2022,"city, village",
Wright,,"18,188",,2022,"county, county_third_class_wo_township_form",
Wright City,,"4,881",,2022,"city, city_fourth_class",
Wyaconda,,214,,2022,"city, city_fourth_class",
Wyatt,,219,,2022,"city, city_fourth_class",
Zalma,,73,,2022,"city, census_designated_place",
